URL,Title
https://newyork.craigslist.org/wch/fuo/d/new-shaped-executive-desk/6357468136.html,NEW L shaped EXECUTIVE DESK
https://newyork.craigslist.org/jsy/fuo/d/traditional-floor-table-and/6357467990.html,Traditional Floor table and chairs
https://newyork.craigslist.org/que/fuo/d/grey-fabric-sectional-sofa/6357467998.html,Grey Fabric Sectional Sofa
https://newyork.craigslist.org/lgi/fuo/d/combo-queen-size-bed-mattress/6357427997.html,COMBO____ QUEEN SIZE BED W/MATTRESS - CM7008Q _--
https://newyork.craigslist.org/wch/fuo/d/2-piece-lighted-buffet/6357467609.html,2 piece lighted buffet
https://newyork.craigslist.org/mnh/fuo/d/arredoluce-arteluce-italian/6354930151.html,Arredoluce Arteluce Italian Three-Head Chrome and Steel Floor Lamp
https://newyork.craigslist.org/jsy/fuo/d/frisco-contemporary-5-piece/6344407719.html,Frisco Contemporary 5-Piece Chrome-Plated Steel Round Dining Set
https://newyork.craigslist.org/mnh/fuo/d/tan-sofa-72/6357466819.html,"Tan Sofa 72"""
https://newyork.craigslist.org/mnh/fuo/d/espresso-desk-table-cool/6357466824.html,espresso desk table; cool cavalli high end luxury
https://newyork.craigslist.org/brk/fud/d/room-board-milton-brown/6357466402.html,Room & Board Milton Brown Loveseat (Originally 950)
https://newyork.craigslist.org/brk/fuo/d/ethan-allen-lindsey-chest/6357466219.html,Ethan Allen - Lindsey Chest
https://newyork.craigslist.org/mnh/fuo/d/bamboo-swivel-recliners/6357466225.html,Bamboo swivel recliners/armchairs
https://newyork.craigslist.org/que/fuo/d/small-table-tv-stand/6357465793.html,Small Table/TV Stand
https://newyork.craigslist.org/lgi/fuo/d/executive-assistant-table/6344353716.html,EXECUTIVE ASSISTANT TABLE/CORNER
https://newyork.craigslist.org/brk/fuo/d/beautiful-chesterfield/6337899724.html,Beautiful Chesterfield genuine leather sofa chair
https://newyork.craigslist.org/brk/fuo/d/beautiful-6ft-tall-silver/6337750971.html,Beautiful 6ft. tall silver leaf grey throne chair
https://newyork.craigslist.org/brk/fuo/d/beautiful-new-fancy-living/6337889373.html,Beautiful new fancy living room sofas
https://newyork.craigslist.org/brk/fuo/d/beautiful-new-6ft-tall-throne/6337744333.html,Beautiful new 6ft. tall throne chair
https://newyork.craigslist.org/brk/fuo/d/beautiful-new-6ft-tall-gold/6337807865.html,Beautiful new 6ft. tall gold leaf throne chair
https://newyork.craigslist.org/brk/fuo/d/beautiful-7ft-tall-gold-leaf/6337881971.html,Beautiful 7ft. tall gold leaf cupid mirror
https://newyork.craigslist.org/wch/fuo/d/leather-look-formica-desk/6357464946.html,Leather Look Formica Desk
https://newyork.craigslist.org/brx/fuo/d/assorted-executive-chairs/6344350177.html,ASSORTED EXECUTIVE CHAIRS
https://newyork.craigslist.org/brk/fuo/d/moving-sale/6357464621.html,Moving Sale!
https://newyork.craigslist.org/brk/fuo/d/ikea-docksta-white-round/6357464596.html,IKEA Docksta white round table & 4 Ikea ADDE white chairs
https://newyork.craigslist.org/que/fuo/d/antique-reclining-chair/6319189647.html,Antique Reclining Chair
https://newyork.craigslist.org/que/fuo/d/table-and-4-chairs/6347576341.html,Table and 4 Chairs
https://newyork.craigslist.org/brk/fuo/d/beautiful-5ft-tall-silver/6337717748.html,Beautiful 5ft. tall silver leaf throne chair
https://newyork.craigslist.org/brk/fuo/d/beautiful-6ft-tall-throne/6337701289.html,Beautiful 6ft. tall throne chair
https://newyork.craigslist.org/brk/fuo/d/gorgeous-6ft-tall-gold-leaf/6337730283.html,Gorgeous 6ft. tall gold leaf pink throne chair
https://newyork.craigslist.org/brk/fuo/d/table-2-ext-leaves-and-6/6352250093.html,Table (+2 ext leaves) and 6 chairs (2 of them with arms)
https://newyork.craigslist.org/brk/fuo/d/very-nice-queen-and-twin-bed/6352249449.html,Very nice Queen and Twin bed with mattresses.
https://newyork.craigslist.org/brk/fuo/d/pottery-barn-sumatra-queen-5/6349781025.html,Pottery Barn Sumatra Queen 5 pc Bedroom Set
https://newyork.craigslist.org/brk/fuo/d/gorgeous-6ft-tall-gold-leaf/6337689881.html,Gorgeous 6ft. tall gold leaf double seat throne chair
https://newyork.craigslist.org/brk/fuo/d/beautiful-6ft-tall-silver/6337709453.html,Beautiful 6ft. tall silver leaf throne chair
https://newyork.craigslist.org/brk/fuo/d/beautiful-6ft-tall-throne/6324540029.html,Beautiful 6ft. tall throne chair
https://newyork.craigslist.org/brk/fuo/d/gorgeous-6ft-tall-throne-chair/6337863175.html,Gorgeous 6ft. tall throne chair
https://newyork.craigslist.org/brk/fuo/d/beautiful-new-6ft-tall-silver/6337841782.html,Beautiful new 6ft. tall silver leaf throne chair
https://newyork.craigslist.org/brk/fuo/d/gorgeous-6ft-tall-gold-leaf/6318997504.html,Gorgeous 6ft. tall gold leaf throne chair
https://newyork.craigslist.org/brk/fuo/d/gorgeous-6ft-tall-lion-throne/6324442358.html,Gorgeous 6ft. tall lion throne chair
https://newyork.craigslist.org/brk/fuo/d/beautiful-6ft-tall-throne/6324602915.html,Beautiful 6ft. tall throne chair
https://newyork.craigslist.org/brk/fuo/d/gorgeous-6ft-tall-double-seat/6319051175.html,Gorgeous 6ft. tall double seat throne chair
https://newyork.craigslist.org/brk/fuo/d/beautiful-6ft-tall-throne/6324703602.html,Beautiful 6ft. tall throne chair
https://newyork.craigslist.org/brk/fuo/d/beautiful-6ft-tall-silver/6319021237.html,Beautiful 6ft. tall silver leaf double seat throne chair
https://newyork.craigslist.org/fct/fuo/d/sectional-sleeper/6357461762.html,Sectional Sleeper
https://newyork.craigslist.org/wch/fuo/d/brown-swivel-chair/6357461296.html,Brown Swivel Chair
https://newyork.craigslist.org/jsy/fuo/d/4-new-armen-living-cafe/6352365187.html,4 NEW Armen Living Cafe Dining Chairs (white leather)
https://newyork.craigslist.org/wch/fuo/d/pr-mid-century-modern/6357460921.html,Pr. Mid-Century Modern Nightstands Mason Contemporary 906
https://newyork.craigslist.org/que/fuo/d/sofa-chaise-1000-price-drop/6348296509.html,"Sofa & Chaise $1,000 PRICE DROP"
https://newyork.craigslist.org/brk/fuo/d/wood-desks-coffee-tables-and/6353902631.html,"Wood Desks, Coffee Tables and Dining Tables"
https://newyork.craigslist.org/que/fuo/d/pair-of-sconces/6351095743.html,Pair of sconces
https://newyork.craigslist.org/mnh/fuo/d/brown-end-table-small-2-tier/6357460156.html,Brown End Table Small 2 Tier Shelf Storage Living Room Modern Stand Fu
https://newyork.craigslist.org/fct/fuo/d/drexel-heritage-beautiful/6357459242.html,Drexel Heritage Beautiful Mirror- Excellent Shape
https://newyork.craigslist.org/brk/fuo/d/vintage-steel-tanker-desk/6331023119.html,Vintage Steel Tanker Desk
https://newyork.craigslist.org/mnh/fuo/d/table-and-two-chairs-wood/6352812638.html,Table and Two Chairs Wood - High Top/Bar Table with Two Chairs
https://newyork.craigslist.org/brk/fuo/d/executive-lawyer-formal-desk/6331020609.html,EXECUTIVE/LAWYER FORMAL DESK
https://newyork.craigslist.org/lgi/fuo/d/american-drew-bob-mackie/6349760070.html,American Drew Bob Mackie Solid Wood Curio
https://newyork.craigslist.org/brk/fuo/d/two-solid-work-desks/6335461759.html,Two SOLID WORK DESKS
https://newyork.craigslist.org/brk/fuo/d/6-heavy-duty-conference/6348612220.html,6' HEAVY DUTY CONFERENCE/DINING TABLE
https://newyork.craigslist.org/brk/fuo/d/table-desk-4-2-like-new/6348617693.html,TABLE/DESK 4' X 2' LIKE NEW
https://newyork.craigslist.org/brk/fuo/d/beach-patio-chair-with-cup/6352600421.html,Beach/Patio chair with cup holder and pillow
https://newyork.craigslist.org/mnh/fuo/d/as-new-white-night-table/6357457696.html,As New - WHITE NIGHT TABLE
https://newyork.craigslist.org/fct/fuo/d/this-end-up-bunk-bed-or-2/6357455419.html,This End Up bunk bed or 2 twin beds and dresser with desk
https://newyork.craigslist.org/mnh/fud/d/modern-dining-room-table/6357455455.html,Modern Dining Room Table (Originally 800)
https://newyork.craigslist.org/brk/fuo/d/30-sofa-for-sale/6357455381.html,$30 Sofa for Sale
https://newyork.craigslist.org/que/fuo/d/moving-sale/6357454302.html,Moving sale
https://newyork.craigslist.org/mnh/fuo/d/sectional-mattress/6357412056.html,SECTIONAL - MATTRESS__________
https://newyork.craigslist.org/brk/fuo/d/ikea-bjursta-wall-mounted/6357453588.html,IKEA Bjursta wall-mounted table
https://newyork.craigslist.org/brk/fuo/d/beautiful-6ft-tall-white/6319278086.html,Beautiful 6ft. tall white throne chair
https://newyork.craigslist.org/brk/fuo/d/beautiful-6ft-tall-double/6318984750.html,Beautiful 6ft. tall double seat gold leaf throne chair
https://newyork.craigslist.org/brk/fuo/d/beautiful-pair-of-gold-leaf/6319172095.html,Beautiful pair of gold leaf throne chairs
https://newyork.craigslist.org/mnh/fuo/d/two-1-month-old-bar-stools/6357453239.html,Two 1-month old bar stools for sale!
https://newyork.craigslist.org/mnh/fuo/d/beautiful-gray-leather-arm/6357453214.html,Beautiful Gray Leather Arm Chairs
https://newyork.craigslist.org/wch/fuo/d/antique-china-cabinet/6357453114.html,Antique China Cabinet
https://newyork.craigslist.org/brk/fuo/d/futon-bed-mattress/6357393471.html,___ Futon Bed W\ MATTRESS _______
https://newyork.craigslist.org/wch/fuo/d/vases/6348636747.html,Vases
https://newyork.craigslist.org/wch/fuo/d/phyllis-morris-gourmet-bakers/6350115819.html,Phyllis Morris Gourmet Bakers rack and wood block
https://newyork.craigslist.org/fct/fuo/d/moving-pottery-barn-glass/6347131465.html,MOVING - Pottery Barn Glass Table 3x6 ft
https://newyork.craigslist.org/fct/fuo/d/reduced-solid-maple-desk/6357422467.html,REDUCED!! SOLID MAPLE DESK & CREDENZA
https://newyork.craigslist.org/fct/fuo/d/antique-ornate-mirror-painted/6347148232.html,Antique Ornate Mirror - Painted Black
https://newyork.craigslist.org/brk/fuo/d/ikea-stand-up-desk-skarsta/6357451972.html,"IKEA Stand up Desk SKARSTA, sit or stand, height adjustable"
https://newyork.craigslist.org/fct/fuo/d/moving-pull-out-couch-for/6347215787.html,MOVING - Pull Out Couch For Sale - Bring any offer!!
https://newyork.craigslist.org/wch/fuo/d/buffet-table/6348309868.html,Buffet table
https://newyork.craigslist.org/brk/fuo/d/arteriors-marble-exton-tray/6351375925.html,Arteriors Marble Exton Tray - Excellent Condition
https://newyork.craigslist.org/que/fuo/d/ikea-twin-bookcases-with/6357451599.html,IKEA Twin Bookcases with Sliding Doors (orig. $200)
https://newyork.craigslist.org/wch/fuo/d/hutch/6348310951.html,Hutch
https://newyork.craigslist.org/mnh/fuo/d/solid-wood-headboard-queen/6357451168.html,Solid Wood Headboard Queen Size
https://newyork.craigslist.org/mnh/fuo/d/futon-storage-drawers/6357450835.html,Futon w/ Storage Drawers
https://newyork.craigslist.org/brk/fuo/d/pottery-barn-dresser/6354585255.html,Pottery Barn Dresser
https://newyork.craigslist.org/fct/fuo/d/dresser-with-mirror-great-buy/6357450286.html,Dresser with Mirror - A great buy!
https://newyork.craigslist.org/stn/fuo/d/calligaris-glass-top/6343173958.html,"CALLIGARIS, GLASS TOP EXTENDABLE TABLE AND 4 LEATHER CHAIRS DINING SET"
https://newyork.craigslist.org/stn/fuo/d/set-of-6-crate-and-barrel-top/6326651745.html,"SET OF 6 CRATE AND BARREL TOP-GRAIN LEATHER CHAIRS, LIKE NEW"
https://newyork.craigslist.org/brk/fuo/d/beautiful-double-seat-baby/6319151196.html,Beautiful double seat baby throne chair
https://newyork.craigslist.org/brk/fuo/d/beautiful-6ft-tall-throne/6319042778.html,Beautiful 6ft. tall throne chair
https://newyork.craigslist.org/brk/fuo/d/beautiful-french-silver-leaf/6319241298.html,Beautiful French silver leaf arm party throne chair
https://newyork.craigslist.org/brk/fuo/d/gorgeous-65-tall-gold-leaf/6319101156.html,"Gorgeous 65"" tall gold leaf throne chair"
https://newyork.craigslist.org/brk/fuo/d/beautiful-6ft-tall-fancy/6332400625.html,Beautiful 6ft. tall fancy throne chair
https://newyork.craigslist.org/jsy/fuo/d/couch-sectional-sofa/6357448321.html,Couch sectional sofa
https://newyork.craigslist.org/que/fuo/d/like-new-counter-high-bar/6357447996.html,LIKE NEW Counter High Bar Stools
https://newyork.craigslist.org/lgi/fuo/d/use-furniture/6357447907.html,use furniture
https://newyork.craigslist.org/lgi/fuo/d/bernhardt-3-piece-table-set/6357447698.html,"Bernhardt 3 piece table set (coffee, end and sofa table) asian style"
https://newyork.craigslist.org/mnh/fuo/d/cb2-cielo-white-side-chairs/6350509844.html,CB2 Cielo White Side Chairs
https://newyork.craigslist.org/brk/fuo/d/crate-and-barrel-metal-and/6357447270.html,Crate and barrel metal and ceramic side table
https://newyork.craigslist.org/lgi/fuo/d/microwave-cart/6357447116.html,Microwave cart
https://newyork.craigslist.org/mnh/fuo/d/two-matching-ginger-jar-lamps/6337538771.html,Two Matching Ginger Jar Lamps
https://newyork.craigslist.org/brk/fuo/d/gorgeous-65-tall-throne-chair/6319122286.html,"Gorgeous 65"" tall throne chair"
https://newyork.craigslist.org/mnh/fuo/d/lot-of-2-large-wooden-frame/6340041955.html,"Lot of 2 large wooden frame canvass 60x40"" 4 repaint home/store decor"
https://newyork.craigslist.org/mnh/fuo/d/tall-white-closet/6357446696.html,Tall white closet
https://newyork.craigslist.org/fct/fuo/d/chairs/6357374325.html,Chairs
https://newyork.craigslist.org/brk/fuo/d/west-elm-wide-two-drawer-file/6357446622.html,West Elm Wide Two-Drawer File Cabinet
https://newyork.craigslist.org/fct/fuo/d/super-fun-happy-kids-bench/6335741654.html,"Super fun, happy Kid's Bench!"
https://newyork.craigslist.org/mnh/fuo/d/antique-industrial-coffee/6331067709.html,Antique industrial coffee table railroad cart wheel cast iron steel solid wood c
https://newyork.craigslist.org/mnh/fuo/d/1695-crate-barrel-leather/6320842890.html,$1695 Crate & Barrel Leather sofa chair cushions! Please read
https://newyork.craigslist.org/fct/fuo/d/white-coffee-table-with/6354293998.html,White coffee table with wicker inlay & Glass top
https://newyork.craigslist.org/lgi/fuo/d/ethan-allen-dining-table-and/6357446359.html,Ethan Allen Dining table and chairs
https://newyork.craigslist.org/mnh/fuo/d/great-two-seat-leather-sofa/6320841798.html,"great two-seat leather sofa cushion (one piece) Still clean,  read"
https://newyork.craigslist.org/stn/fuo/d/starbucks-verismo-coffee-bar/6319100213.html,"*** STARBUCKS, VERISMO COFFEE BAR SYSTEM, LIKE NEW"
https://newyork.craigslist.org/fct/fuo/d/anthropologie-ottoman-in/6335741927.html,Anthropologie ottoman in absolutely perfect shape
https://newyork.craigslist.org/stn/fuo/d/tlimoges-masterpieces-made-in/6353672685.html,"***""T.LIMOGES"" MASTERPIECES, MADE IN FRANCE***"
https://newyork.craigslist.org/lgi/fuo/d/beautiful-living-room/6357445452.html,Beautiful  living room furniture
https://newyork.craigslist.org/mnh/fuo/d/crate-barrel-harbor-5-drawer/6357445276.html,Crate & Barrel Harbor 5-Drawer Dresser
