Title,URL,Section,Time,Meta_HTML,Image
Nice Couch,https://newhaven.craigslist.org/fuo/d/nice-couch/6354907888.html,CT - Furniture,2017-11-06 11:47,"<span class=""result-meta"">
                <span class=""result-price"">$125</span>


                <span class=""result-hood""> (EAST HAVEN)</span>

                <span class=""result-tags"">
                    pic
                    <span class=""maptag"" data-pid=""6354907888"">map</span>
                </span>

                <span class=""banish icon icon-trash"" role=""button"">
                    <span class=""screen-reader-text"">hide this posting</span>
                </span>

            <span class=""unbanish icon icon-trash red"" role=""button"" aria-hidden=""true""></span>
            <a href=""#"" class=""restore-link"">
                <span class=""restore-narrow-text"">restore</span>
                <span class=""restore-wide-text"">restore this posting</span>
            </a>

        </span>","1:00X0X_fUNOAPK6gD9,1:00j0j_9e1nOw3pHPK,1:01111_2ECSplLYy8L"
Glass hutch,https://newhaven.craigslist.org/fuo/d/glass-hutch/6375983627.html,CT - Furniture,2017-11-06 11:47,"<span class=""result-meta"">
                <span class=""result-price"">$150</span>



                <span class=""result-tags"">
                    pic
                    <span class=""maptag"" data-pid=""6375983627"">map</span>
                </span>

                <span class=""banish icon icon-trash"" role=""button"">
                    <span class=""screen-reader-text"">hide this posting</span>
                </span>

            <span class=""unbanish icon icon-trash red"" role=""button"" aria-hidden=""true""></span>
            <a href=""#"" class=""restore-link"">
                <span class=""restore-narrow-text"">restore</span>
                <span class=""restore-wide-text"">restore this posting</span>
            </a>

        </span>",1:00000_cyTo2WgK7KO
Couch for sale,https://newhaven.craigslist.org/fuo/d/couch-for-sale/6364209723.html,CT - Furniture,2017-11-06 11:47,"<span class=""result-meta"">
                <span class=""result-price"">$125</span>


                <span class=""result-hood""> (EAST HAVEN)</span>

                <span class=""result-tags"">
                    pic
                    <span class=""maptag"" data-pid=""6364209723"">map</span>
                </span>

                <span class=""banish icon icon-trash"" role=""button"">
                    <span class=""screen-reader-text"">hide this posting</span>
                </span>

            <span class=""unbanish icon icon-trash red"" role=""button"" aria-hidden=""true""></span>
            <a href=""#"" class=""restore-link"">
                <span class=""restore-narrow-text"">restore</span>
                <span class=""restore-wide-text"">restore this posting</span>
            </a>

        </span>","1:01111_2ECSplLYy8L,1:00j0j_9e1nOw3pHPK"
Matching furniture set,https://newhaven.craigslist.org/fuo/d/matching-furniture-set/6375977149.html,CT - Furniture,2017-11-06 11:43,"<span class=""result-meta"">
                <span class=""result-price"">$200</span>


                <span class=""result-hood""> (Waterbury, CT)</span>

                <span class=""result-tags"">
                    pic
                    <span class=""maptag"" data-pid=""6375977149"">map</span>
                </span>

                <span class=""banish icon icon-trash"" role=""button"">
                    <span class=""screen-reader-text"">hide this posting</span>
                </span>

            <span class=""unbanish icon icon-trash red"" role=""button"" aria-hidden=""true""></span>
            <a href=""#"" class=""restore-link"">
                <span class=""restore-narrow-text"">restore</span>
                <span class=""restore-wide-text"">restore this posting</span>
            </a>

        </span>","1:00w0w_65Pj86kD5co,1:00e0e_2VVquIzXA4w,1:00Y0Y_7jacAjjyti3"
Beautiful rich mahogany 6' round table needs some TLC,https://newhaven.craigslist.org/fuo/d/beautiful-rich-mahogany-6/6352255035.html,CT - Furniture,2017-11-06 11:37,"<span class=""result-meta"">
                <span class=""result-price"">$250</span>



                <span class=""result-tags"">
                    pic
                    <span class=""maptag"" data-pid=""6352255035"">map</span>
                </span>

                <span class=""banish icon icon-trash"" role=""button"">
                    <span class=""screen-reader-text"">hide this posting</span>
                </span>

            <span class=""unbanish icon icon-trash red"" role=""button"" aria-hidden=""true""></span>
            <a href=""#"" class=""restore-link"">
                <span class=""restore-narrow-text"">restore</span>
                <span class=""restore-wide-text"">restore this posting</span>
            </a>

        </span>","1:00s0s_2UxSypCYeUI,1:00T0T_fJ2mhYndF3f,1:00F0F_1b1jly5xeRb,1:01010_gpQnak2zjLI,1:00s0s_9jEI79g1f5A,1:00R0R_6JK1kTlkCKo"
Grinder / Mincer / Pasta Maker (throw me an offer),https://newhaven.craigslist.org/fuo/d/grinder-mincer-pasta-maker/6371855292.html,CT - Furniture,2017-11-06 11:36,"<span class=""result-meta"">
                <span class=""result-price"">$15</span>



                <span class=""result-tags"">
                    pic
                    <span class=""maptag"" data-pid=""6371855292"">map</span>
                </span>

                <span class=""banish icon icon-trash"" role=""button"">
                    <span class=""screen-reader-text"">hide this posting</span>
                </span>

            <span class=""unbanish icon icon-trash red"" role=""button"" aria-hidden=""true""></span>
            <a href=""#"" class=""restore-link"">
                <span class=""restore-narrow-text"">restore</span>
                <span class=""restore-wide-text"">restore this posting</span>
            </a>

        </span>","1:00h0h_qFRVY7ExYf,1:00a0a_dBssU58tSFT"
Presto Cool Daddy Cool Touch Deep Fryer,https://newhaven.craigslist.org/fuo/d/presto-cool-daddy-cool-touch/6368334582.html,CT - Furniture,2017-11-06 11:36,"<span class=""result-meta"">
                <span class=""result-price"">$20</span>



                <span class=""result-tags"">
                    pic
                    <span class=""maptag"" data-pid=""6368334582"">map</span>
                </span>

                <span class=""banish icon icon-trash"" role=""button"">
                    <span class=""screen-reader-text"">hide this posting</span>
                </span>

            <span class=""unbanish icon icon-trash red"" role=""button"" aria-hidden=""true""></span>
            <a href=""#"" class=""restore-link"">
                <span class=""restore-narrow-text"">restore</span>
                <span class=""restore-wide-text"">restore this posting</span>
            </a>

        </span>",1:00h0h_37hVX4DuXa7
Lovely Vintage Walnut Executive Desk,https://newhaven.craigslist.org/fuo/d/lovely-vintage-walnut/6373185390.html,CT - Furniture,2017-11-06 11:34,"<span class=""result-meta"">
                <span class=""result-price"">$485</span>


                <span class=""result-hood""> (Manchester, CT)</span>

                <span class=""result-tags"">
                    pic
                    <span class=""maptag"" data-pid=""6373185390"">map</span>
                </span>

                <span class=""banish icon icon-trash"" role=""button"">
                    <span class=""screen-reader-text"">hide this posting</span>
                </span>

            <span class=""unbanish icon icon-trash red"" role=""button"" aria-hidden=""true""></span>
            <a href=""#"" class=""restore-link"">
                <span class=""restore-narrow-text"">restore</span>
                <span class=""restore-wide-text"">restore this posting</span>
            </a>

        </span>","1:01515_2Z66qxnSjP2,1:01010_7C9vLIVHoXP,1:00T0T_lTsPflSkvbE,1:00P0P_eYMSDCnmaWt,1:00B0B_cCU5VIWe5Mp,1:00e0e_bjFXYMFXwFY,1:00000_9Blw56Yk0w6"
Brand New Regalo Swing Down Bed Rail / Kids Safety,https://newhaven.craigslist.org/fuo/d/brand-new-regalo-swing-down/6371883760.html,CT - Furniture,2017-11-06 11:31,"<span class=""result-meta"">
                <span class=""result-price"">$20</span>



                <span class=""result-tags"">
                    pic
                    <span class=""maptag"" data-pid=""6371883760"">map</span>
                </span>

                <span class=""banish icon icon-trash"" role=""button"">
                    <span class=""screen-reader-text"">hide this posting</span>
                </span>

            <span class=""unbanish icon icon-trash red"" role=""button"" aria-hidden=""true""></span>
            <a href=""#"" class=""restore-link"">
                <span class=""restore-narrow-text"">restore</span>
                <span class=""restore-wide-text"">restore this posting</span>
            </a>

        </span>","1:00k0k_1uV7oUal8nJ,1:00M0M_3572l2fL9CV,1:00S0S_5EqIS59rios"
Moving Sale Coffee Grinder 15 OBO,https://newhaven.craigslist.org/fuo/d/moving-sale-coffee-grinder-15/6371887480.html,CT - Furniture,2017-11-06 11:31,"<span class=""result-meta"">
                <span class=""result-price"">$15</span>



                <span class=""result-tags"">
                    pic
                    <span class=""maptag"" data-pid=""6371887480"">map</span>
                </span>

                <span class=""banish icon icon-trash"" role=""button"">
                    <span class=""screen-reader-text"">hide this posting</span>
                </span>

            <span class=""unbanish icon icon-trash red"" role=""button"" aria-hidden=""true""></span>
            <a href=""#"" class=""restore-link"">
                <span class=""restore-narrow-text"">restore</span>
                <span class=""restore-wide-text"">restore this posting</span>
            </a>

        </span>","1:00S0S_9i5crpU4X9x,1:01212_11AxW7UVmZi"
Moving Sale Air Purifier With New Filter - Holmes (throw me an offer),https://newhaven.craigslist.org/fuo/d/moving-sale-air-purifier-with/6371889017.html,CT - Furniture,2017-11-06 11:30,"<span class=""result-meta"">
                <span class=""result-price"">$20</span>



                <span class=""result-tags"">
                    pic
                    <span class=""maptag"" data-pid=""6371889017"">map</span>
                </span>

                <span class=""banish icon icon-trash"" role=""button"">
                    <span class=""screen-reader-text"">hide this posting</span>
                </span>

            <span class=""unbanish icon icon-trash red"" role=""button"" aria-hidden=""true""></span>
            <a href=""#"" class=""restore-link"">
                <span class=""restore-narrow-text"">restore</span>
                <span class=""restore-wide-text"">restore this posting</span>
            </a>

        </span>","1:00808_am3c5PCUJdQ,1:00U0U_apYHsH7Cfx9"
Antique Bureau,https://newhaven.craigslist.org/fuo/d/antique-bureau/6375951067.html,CT - Furniture,2017-11-06 11:28,"<span class=""result-meta"">
                <span class=""result-price"">$800</span>


                <span class=""result-hood""> (NEW HAVEN COUNTY)</span>

                <span class=""result-tags"">
                    pic
                    <span class=""maptag"" data-pid=""6375951067"">map</span>
                </span>

                <span class=""banish icon icon-trash"" role=""button"">
                    <span class=""screen-reader-text"">hide this posting</span>
                </span>

            <span class=""unbanish icon icon-trash red"" role=""button"" aria-hidden=""true""></span>
            <a href=""#"" class=""restore-link"">
                <span class=""restore-narrow-text"">restore</span>
                <span class=""restore-wide-text"">restore this posting</span>
            </a>

        </span>",1:00303_kUOPPpD3Lj2
Two wooden Shelves / New,https://newhaven.craigslist.org/fuo/d/two-wooden-shelves-new/6359072114.html,CT - Furniture,2017-11-06 11:21,"<span class=""result-meta"">
                <span class=""result-price"">$12</span>



                <span class=""result-tags"">
                    pic
                    <span class=""maptag"" data-pid=""6359072114"">map</span>
                </span>

                <span class=""banish icon icon-trash"" role=""button"">
                    <span class=""screen-reader-text"">hide this posting</span>
                </span>

            <span class=""unbanish icon icon-trash red"" role=""button"" aria-hidden=""true""></span>
            <a href=""#"" class=""restore-link"">
                <span class=""restore-narrow-text"">restore</span>
                <span class=""restore-wide-text"">restore this posting</span>
            </a>

        </span>","1:00v0v_ar310dhn6X2,1:01010_K5RPwGwoiz,1:00c0c_bWn9AfQ31eP,1:01515_4HcBKhQDStS"
Moving Sale / Glass Cookware n Pyrex Bakeware,https://newhaven.craigslist.org/fuo/d/moving-sale-glass-cookware/6371942983.html,CT - Furniture,2017-11-06 11:21,"<span class=""result-meta"">
                <span class=""result-price"">$19</span>



                <span class=""result-tags"">
                    pic
                    <span class=""maptag"" data-pid=""6371942983"">map</span>
                </span>

                <span class=""banish icon icon-trash"" role=""button"">
                    <span class=""screen-reader-text"">hide this posting</span>
                </span>

            <span class=""unbanish icon icon-trash red"" role=""button"" aria-hidden=""true""></span>
            <a href=""#"" class=""restore-link"">
                <span class=""restore-narrow-text"">restore</span>
                <span class=""restore-wide-text"">restore this posting</span>
            </a>

        </span>","1:00B0B_ev4wM2QvWrD,1:01717_2ZKyxCtNlei,1:01212_9sz09U0YPRw,1:00404_ajqyzFsJrwX"
"Reclaimed wood table, bar stools, bar cart",https://newhaven.craigslist.org/fuo/d/reclaimed-wood-table-bar/6375934107.html,CT - Furniture,2017-11-06 11:18,"<span class=""result-meta"">



                <span class=""result-tags"">
                    pic
                    <span class=""maptag"" data-pid=""6375934107"">map</span>
                </span>

                <span class=""banish icon icon-trash"" role=""button"">
                    <span class=""screen-reader-text"">hide this posting</span>
                </span>

            <span class=""unbanish icon icon-trash red"" role=""button"" aria-hidden=""true""></span>
            <a href=""#"" class=""restore-link"">
                <span class=""restore-narrow-text"">restore</span>
                <span class=""restore-wide-text"">restore this posting</span>
            </a>

        </span>","1:01212_7LvRvpFtV1N,1:00505_2qOcoNZ6CVf,1:00y0y_4cEfO69nBcl,1:01010_4muoB21mrqq,1:00m0m_llQG3UVAyy2,1:00x0x_bOXKyxNGSHr,1:00S0S_3IfPGrXaQaQ,1:00q0q_hChMJKJZGCP,1:01717_bdS1V1AEN1I"
Solid Oak Dry Sink /Copper top,https://newhaven.craigslist.org/fuo/d/solid-oak-dry-sink-copper-top/6375934068.html,CT - Furniture,2017-11-06 11:18,"<span class=""result-meta"">
                <span class=""result-price"">$40</span>


                <span class=""result-hood""> (Wallingford)</span>

                <span class=""result-tags"">
                    pic
                    <span class=""maptag"" data-pid=""6375934068"">map</span>
                </span>

                <span class=""banish icon icon-trash"" role=""button"">
                    <span class=""screen-reader-text"">hide this posting</span>
                </span>

            <span class=""unbanish icon icon-trash red"" role=""button"" aria-hidden=""true""></span>
            <a href=""#"" class=""restore-link"">
                <span class=""restore-narrow-text"">restore</span>
                <span class=""restore-wide-text"">restore this posting</span>
            </a>

        </span>","1:00101_6jXhXGQm7dd,1:00x0x_2ucaf8ZcdD4,1:00h0h_e1ea3gDIUy1,1:00909_hQBGWxwJLGm"
Walnut End Table with drawer,https://newhaven.craigslist.org/fuo/d/walnut-end-table-with-drawer/6375933378.html,CT - Furniture,2017-11-06 11:18,"<span class=""result-meta"">
                <span class=""result-price"">$250</span>


                <span class=""result-hood""> (Cheshire)</span>

                <span class=""result-tags"">
                    pic
                    <span class=""maptag"" data-pid=""6375933378"">map</span>
                </span>

                <span class=""banish icon icon-trash"" role=""button"">
                    <span class=""screen-reader-text"">hide this posting</span>
                </span>

            <span class=""unbanish icon icon-trash red"" role=""button"" aria-hidden=""true""></span>
            <a href=""#"" class=""restore-link"">
                <span class=""restore-narrow-text"">restore</span>
                <span class=""restore-wide-text"">restore this posting</span>
            </a>

        </span>","1:00J0J_bwhz8QwGkOR,1:00H0H_fgNhRqip5dV,1:00X0X_4EET571gyWV,1:00L0L_CsH9WcuqJr,1:00w0w_6qhFM7JwJzN"
Decorate table,https://newhaven.craigslist.org/fuo/d/decorate-table/6355811806.html,CT - Furniture,2017-11-06 11:11,"<span class=""result-meta"">
                <span class=""result-price"">$100</span>


                <span class=""result-hood""> (Plantsville)</span>

                <span class=""result-tags"">
                    pic
                    <span class=""maptag"" data-pid=""6355811806"">map</span>
                </span>

                <span class=""banish icon icon-trash"" role=""button"">
                    <span class=""screen-reader-text"">hide this posting</span>
                </span>

            <span class=""unbanish icon icon-trash red"" role=""button"" aria-hidden=""true""></span>
            <a href=""#"" class=""restore-link"">
                <span class=""restore-narrow-text"">restore</span>
                <span class=""restore-wide-text"">restore this posting</span>
            </a>

        </span>","1:01414_kHe9V35nMlR,1:00x0x_6YoFCTtSYTn"
"Bathroom Vanity, Sink, Shower Fixtures, Hardware,Towel Rack, TP Holder",https://newhaven.craigslist.org/fuo/d/bathroom-vanity-sink-shower/6363790247.html,CT - Furniture,2017-11-06 11:08,"<span class=""result-meta"">
                <span class=""result-price"">$174</span>


                <span class=""result-hood""> (Stratford, CT)</span>

                <span class=""result-tags"">
                    pic
                    <span class=""maptag"" data-pid=""6363790247"">map</span>
                </span>

                <span class=""banish icon icon-trash"" role=""button"">
                    <span class=""screen-reader-text"">hide this posting</span>
                </span>

            <span class=""unbanish icon icon-trash red"" role=""button"" aria-hidden=""true""></span>
            <a href=""#"" class=""restore-link"">
                <span class=""restore-narrow-text"">restore</span>
                <span class=""restore-wide-text"">restore this posting</span>
            </a>

        </span>","1:00W0W_45oI06En22o,1:00r0r_l8yOG2piRuD,1:00404_6P1kpJM7qDt,1:00a0a_aVlx20kOBei,1:01111_30zpu36L8UO,1:00l0l_iNZHXHcwY0k,1:00K0K_f3JQf9BoUd6,1:01313_iJps6M7imzA,1:00707_27XuGtAQijv,1:00H0H_iPTmD23jewl,1:01313_60dQvlQjNS,1:00N0N_m3aJYOOL3j,1:00B0B_g6No1OjhWiA,1:00h0h_3PNEXnbJP3Q,1:00808_hdzK9yQcXEc,1:00L0L_35SE921EqiH,1:00U0U_IpXb9DFRLV,1:00T0T_f3XNj7iiEyI,1:00P0P_kLXzf5DlMEn,1:01212_gXQwAnsnjrE,1:00M0M_4yGmzItQCjw,1:00a0a_hJh93w6Qd7q"
sewing table with sewing machine,https://newhaven.craigslist.org/fuo/d/sewing-table-with-sewing/6375916872.html,CT - Furniture,2017-11-06 11:08,"<span class=""result-meta"">
                <span class=""result-price"">$40</span>


                <span class=""result-hood""> (wallingford)</span>

                <span class=""result-tags"">
                    pic
                    <span class=""maptag"" data-pid=""6375916872"">map</span>
                </span>

                <span class=""banish icon icon-trash"" role=""button"">
                    <span class=""screen-reader-text"">hide this posting</span>
                </span>

            <span class=""unbanish icon icon-trash red"" role=""button"" aria-hidden=""true""></span>
            <a href=""#"" class=""restore-link"">
                <span class=""restore-narrow-text"">restore</span>
                <span class=""restore-wide-text"">restore this posting</span>
            </a>

        </span>","1:00V0V_dd6KuZ94Gfc,1:00H0H_6B0zXcvJf9k,1:00n0n_9umbdWAa8fQ,1:00000_kG2MmOf0Zih,1:00505_aSCsR3YeUed"
Very Nice Chair On Wheels,https://newhaven.craigslist.org/fuo/d/very-nice-chair-on-wheels/6349765961.html,CT - Furniture,2017-11-06 11:08,"<span class=""result-meta"">
                <span class=""result-price"">$20</span>


                <span class=""result-hood""> (North Haven)</span>

                <span class=""result-tags"">
                    pic
                    <span class=""maptag"" data-pid=""6349765961"">map</span>
                </span>

                <span class=""banish icon icon-trash"" role=""button"">
                    <span class=""screen-reader-text"">hide this posting</span>
                </span>

            <span class=""unbanish icon icon-trash red"" role=""button"" aria-hidden=""true""></span>
            <a href=""#"" class=""restore-link"">
                <span class=""restore-narrow-text"">restore</span>
                <span class=""restore-wide-text"">restore this posting</span>
            </a>

        </span>","1:01313_gBswOWGlZgY,1:00Z0Z_cwQOPHzbVPI"
Very Nice Wooden Desk,https://newhaven.craigslist.org/fuo/d/very-nice-wooden-desk/6348373411.html,CT - Furniture,2017-11-06 11:08,"<span class=""result-meta"">
                <span class=""result-price"">$20</span>


                <span class=""result-hood""> (North Haven)</span>

                <span class=""result-tags"">
                    pic
                    <span class=""maptag"" data-pid=""6348373411"">map</span>
                </span>

                <span class=""banish icon icon-trash"" role=""button"">
                    <span class=""screen-reader-text"">hide this posting</span>
                </span>

            <span class=""unbanish icon icon-trash red"" role=""button"" aria-hidden=""true""></span>
            <a href=""#"" class=""restore-link"">
                <span class=""restore-narrow-text"">restore</span>
                <span class=""restore-wide-text"">restore this posting</span>
            </a>

        </span>",1:00k0k_bSbyflf0miY
Very Nice Wooden White Desk,https://newhaven.craigslist.org/fuo/d/very-nice-wooden-white-desk/6366926263.html,CT - Furniture,2017-11-06 11:08,"<span class=""result-meta"">
                <span class=""result-price"">$25</span>


                <span class=""result-hood""> (North Haven)</span>

                <span class=""result-tags"">
                    pic
                    <span class=""maptag"" data-pid=""6366926263"">map</span>
                </span>

                <span class=""banish icon icon-trash"" role=""button"">
                    <span class=""screen-reader-text"">hide this posting</span>
                </span>

            <span class=""unbanish icon icon-trash red"" role=""button"" aria-hidden=""true""></span>
            <a href=""#"" class=""restore-link"">
                <span class=""restore-narrow-text"">restore</span>
                <span class=""restore-wide-text"">restore this posting</span>
            </a>

        </span>",1:00E0E_gcoBeb4bUXD
Very Nice Nightstand Table,https://newhaven.craigslist.org/fuo/d/very-nice-nightstand-table/6366934333.html,CT - Furniture,2017-11-06 11:07,"<span class=""result-meta"">
                <span class=""result-price"">$2</span>


                <span class=""result-hood""> (North Haven)</span>

                <span class=""result-tags"">
                    pic
                    <span class=""maptag"" data-pid=""6366934333"">map</span>
                </span>

                <span class=""banish icon icon-trash"" role=""button"">
                    <span class=""screen-reader-text"">hide this posting</span>
                </span>

            <span class=""unbanish icon icon-trash red"" role=""button"" aria-hidden=""true""></span>
            <a href=""#"" class=""restore-link"">
                <span class=""restore-narrow-text"">restore</span>
                <span class=""restore-wide-text"">restore this posting</span>
            </a>

        </span>","1:00s0s_6ZRnjlSvn0K,1:00Y0Y_3qJHYTbyzn4"
Very Nice Wooden Table,https://newhaven.craigslist.org/fuo/d/very-nice-wooden-table/6353904207.html,CT - Furniture,2017-11-06 11:07,"<span class=""result-meta"">
                <span class=""result-price"">$5</span>


                <span class=""result-hood""> (North Haven)</span>

                <span class=""result-tags"">
                    pic
                    <span class=""maptag"" data-pid=""6353904207"">map</span>
                </span>

                <span class=""banish icon icon-trash"" role=""button"">
                    <span class=""screen-reader-text"">hide this posting</span>
                </span>

            <span class=""unbanish icon icon-trash red"" role=""button"" aria-hidden=""true""></span>
            <a href=""#"" class=""restore-link"">
                <span class=""restore-narrow-text"">restore</span>
                <span class=""restore-wide-text"">restore this posting</span>
            </a>

        </span>","1:00d0d_lzkjMEvYb5v,1:00p0p_4DOfK8XYica"
Very Nice Wooden Chair Set,https://newhaven.craigslist.org/fuo/d/very-nice-wooden-chair-set/6360132938.html,CT - Furniture,2017-11-06 11:06,"<span class=""result-meta"">
                <span class=""result-price"">$5</span>


                <span class=""result-hood""> (North Haven)</span>

                <span class=""result-tags"">
                    pic
                    <span class=""maptag"" data-pid=""6360132938"">map</span>
                </span>

                <span class=""banish icon icon-trash"" role=""button"">
                    <span class=""screen-reader-text"">hide this posting</span>
                </span>

            <span class=""unbanish icon icon-trash red"" role=""button"" aria-hidden=""true""></span>
            <a href=""#"" class=""restore-link"">
                <span class=""restore-narrow-text"">restore</span>
                <span class=""restore-wide-text"">restore this posting</span>
            </a>

        </span>","0:00E0E_jzcVYBFksNW,0:00A0A_aPlVSfq23hW"
Very Nice Wooden Adjustable Table,https://newhaven.craigslist.org/fuo/d/very-nice-wooden-adjustable/6360135362.html,CT - Furniture,2017-11-06 11:06,"<span class=""result-meta"">
                <span class=""result-price"">$10</span>


                <span class=""result-hood""> (North Haven)</span>

                <span class=""result-tags"">
                    pic
                    <span class=""maptag"" data-pid=""6360135362"">map</span>
                </span>

                <span class=""banish icon icon-trash"" role=""button"">
                    <span class=""screen-reader-text"">hide this posting</span>
                </span>

            <span class=""unbanish icon icon-trash red"" role=""button"" aria-hidden=""true""></span>
            <a href=""#"" class=""restore-link"">
                <span class=""restore-narrow-text"">restore</span>
                <span class=""restore-wide-text"">restore this posting</span>
            </a>

        </span>","1:00K0K_aqVwTXtzTRy,1:00Q0Q_1rlGl0KQfXg"
Very Nice Wooden Bookcase Table With Ajustable Shelves,https://newhaven.craigslist.org/fuo/d/very-nice-wooden-bookcase/6345874233.html,CT - Furniture,2017-11-06 11:06,"<span class=""result-meta"">
                <span class=""result-price"">$20</span>


                <span class=""result-hood""> (North Haven)</span>

                <span class=""result-tags"">
                    pic
                    <span class=""maptag"" data-pid=""6345874233"">map</span>
                </span>

                <span class=""banish icon icon-trash"" role=""button"">
                    <span class=""screen-reader-text"">hide this posting</span>
                </span>

            <span class=""unbanish icon icon-trash red"" role=""button"" aria-hidden=""true""></span>
            <a href=""#"" class=""restore-link"">
                <span class=""restore-narrow-text"">restore</span>
                <span class=""restore-wide-text"">restore this posting</span>
            </a>

        </span>","1:00Q0Q_eUNtBzBF7Jc,1:00Z0Z_h820UmS1JU3,1:00J0J_6PvCTKRMe01"
Very Nice Wooden Shelf Wall Mount,https://newhaven.craigslist.org/fuo/d/very-nice-wooden-shelf-wall/6360130264.html,CT - Furniture,2017-11-06 11:06,"<span class=""result-meta"">
                <span class=""result-price"">$10</span>


                <span class=""result-hood""> (North Haven)</span>

                <span class=""result-tags"">
                    pic
                    <span class=""maptag"" data-pid=""6360130264"">map</span>
                </span>

                <span class=""banish icon icon-trash"" role=""button"">
                    <span class=""screen-reader-text"">hide this posting</span>
                </span>

            <span class=""unbanish icon icon-trash red"" role=""button"" aria-hidden=""true""></span>
            <a href=""#"" class=""restore-link"">
                <span class=""restore-narrow-text"">restore</span>
                <span class=""restore-wide-text"">restore this posting</span>
            </a>

        </span>",1:01111_hiAtQgrX2ij
Very Nice Chair,https://newhaven.craigslist.org/fuo/d/very-nice-chair/6342606397.html,CT - Furniture,2017-11-06 11:05,"<span class=""result-meta"">
                <span class=""result-price"">$5</span>


                <span class=""result-hood""> (North Haven)</span>

                <span class=""result-tags"">
                    pic
                    <span class=""maptag"" data-pid=""6342606397"">map</span>
                </span>

                <span class=""banish icon icon-trash"" role=""button"">
                    <span class=""screen-reader-text"">hide this posting</span>
                </span>

            <span class=""unbanish icon icon-trash red"" role=""button"" aria-hidden=""true""></span>
            <a href=""#"" class=""restore-link"">
                <span class=""restore-narrow-text"">restore</span>
                <span class=""restore-wide-text"">restore this posting</span>
            </a>

        </span>",1:00505_3dJKAD8YHLa
Very Nice Wooden Lamp Table,https://newhaven.craigslist.org/fuo/d/very-nice-wooden-lamp-table/6345873885.html,CT - Furniture,2017-11-06 11:05,"<span class=""result-meta"">
                <span class=""result-price"">$5</span>


                <span class=""result-hood""> (North Haven)</span>

                <span class=""result-tags"">
                    pic
                    <span class=""maptag"" data-pid=""6345873885"">map</span>
                </span>

                <span class=""banish icon icon-trash"" role=""button"">
                    <span class=""screen-reader-text"">hide this posting</span>
                </span>

            <span class=""unbanish icon icon-trash red"" role=""button"" aria-hidden=""true""></span>
            <a href=""#"" class=""restore-link"">
                <span class=""restore-narrow-text"">restore</span>
                <span class=""restore-wide-text"">restore this posting</span>
            </a>

        </span>",1:01212_e3XROexThRQ
Very Nice Coffee End Table,https://newhaven.craigslist.org/fuo/d/very-nice-coffee-end-table/6353900080.html,CT - Furniture,2017-11-06 11:04,"<span class=""result-meta"">
                <span class=""result-price"">$20</span>


                <span class=""result-hood""> (North Haven)</span>

                <span class=""result-tags"">
                    pic
                    <span class=""maptag"" data-pid=""6353900080"">map</span>
                </span>

                <span class=""banish icon icon-trash"" role=""button"">
                    <span class=""screen-reader-text"">hide this posting</span>
                </span>

            <span class=""unbanish icon icon-trash red"" role=""button"" aria-hidden=""true""></span>
            <a href=""#"" class=""restore-link"">
                <span class=""restore-narrow-text"">restore</span>
                <span class=""restore-wide-text"">restore this posting</span>
            </a>

        </span>",1:00d0d_1k2HdRiP77v
Very Nice Wooden Nightstand Table,https://newhaven.craigslist.org/fuo/d/very-nice-wooden-nightstand/6360133464.html,CT - Furniture,2017-11-06 11:04,"<span class=""result-meta"">
                <span class=""result-price"">$5</span>


                <span class=""result-hood""> (North Haven)</span>

                <span class=""result-tags"">
                    pic
                    <span class=""maptag"" data-pid=""6360133464"">map</span>
                </span>

                <span class=""banish icon icon-trash"" role=""button"">
                    <span class=""screen-reader-text"">hide this posting</span>
                </span>

            <span class=""unbanish icon icon-trash red"" role=""button"" aria-hidden=""true""></span>
            <a href=""#"" class=""restore-link"">
                <span class=""restore-narrow-text"">restore</span>
                <span class=""restore-wide-text"">restore this posting</span>
            </a>

        </span>",1:00g0g_kKoUWdmXAs
Very Nice Wooden Nightstand With Doors Table,https://newhaven.craigslist.org/fuo/d/very-nice-wooden-nightstand/6360135086.html,CT - Furniture,2017-11-06 11:04,"<span class=""result-meta"">
                <span class=""result-price"">$10</span>


                <span class=""result-hood""> (North Haven)</span>

                <span class=""result-tags"">
                    pic
                    <span class=""maptag"" data-pid=""6360135086"">map</span>
                </span>

                <span class=""banish icon icon-trash"" role=""button"">
                    <span class=""screen-reader-text"">hide this posting</span>
                </span>

            <span class=""unbanish icon icon-trash red"" role=""button"" aria-hidden=""true""></span>
            <a href=""#"" class=""restore-link"">
                <span class=""restore-narrow-text"">restore</span>
                <span class=""restore-wide-text"">restore this posting</span>
            </a>

        </span>",1:00Q0Q_7jYPnwvZWy4
Very Nice Coffee End Glass Table,https://newhaven.craigslist.org/fuo/d/very-nice-coffee-end-glass/6372532119.html,CT - Furniture,2017-11-06 11:03,"<span class=""result-meta"">
                <span class=""result-price"">$2</span>


                <span class=""result-hood""> (North Haven)</span>

                <span class=""result-tags"">
                    pic
                    <span class=""maptag"" data-pid=""6372532119"">map</span>
                </span>

                <span class=""banish icon icon-trash"" role=""button"">
                    <span class=""screen-reader-text"">hide this posting</span>
                </span>

            <span class=""unbanish icon icon-trash red"" role=""button"" aria-hidden=""true""></span>
            <a href=""#"" class=""restore-link"">
                <span class=""restore-narrow-text"">restore</span>
                <span class=""restore-wide-text"">restore this posting</span>
            </a>

        </span>",1:00y0y_gKRbC6n6JS6
Very Nice Wooden Nightstand Table,https://newhaven.craigslist.org/fuo/d/very-nice-wooden-nightstand/6372176504.html,CT - Furniture,2017-11-06 11:03,"<span class=""result-meta"">
                <span class=""result-price"">$20</span>


                <span class=""result-hood""> (North Haven)</span>

                <span class=""result-tags"">
                    pic
                    <span class=""maptag"" data-pid=""6372176504"">map</span>
                </span>

                <span class=""banish icon icon-trash"" role=""button"">
                    <span class=""screen-reader-text"">hide this posting</span>
                </span>

            <span class=""unbanish icon icon-trash red"" role=""button"" aria-hidden=""true""></span>
            <a href=""#"" class=""restore-link"">
                <span class=""restore-narrow-text"">restore</span>
                <span class=""restore-wide-text"">restore this posting</span>
            </a>

        </span>",1:00q0q_9Jmgc59aeki
King Bedroom Headbord & Footboard,https://newhaven.craigslist.org/fuo/d/king-bedroom-headbord/6375894851.html,CT - Furniture,2017-11-06 10:55,"<span class=""result-meta"">
                <span class=""result-price"">$250</span>


                <span class=""result-hood""> (easton ct)</span>

                <span class=""result-tags"">
                    pic
                    <span class=""maptag"" data-pid=""6375894851"">map</span>
                </span>

                <span class=""banish icon icon-trash"" role=""button"">
                    <span class=""screen-reader-text"">hide this posting</span>
                </span>

            <span class=""unbanish icon icon-trash red"" role=""button"" aria-hidden=""true""></span>
            <a href=""#"" class=""restore-link"">
                <span class=""restore-narrow-text"">restore</span>
                <span class=""restore-wide-text"">restore this posting</span>
            </a>

        </span>","1:00K0K_gcJ4v4tn1M7,1:00A0A_iWIiGWKSeZz"
Cadillac Escalade,https://newlondon.craigslist.org/cto/d/cadillac-escalade/6358104432.html,CT - Furniture,2017-11-06 12:20,"<span class=""result-meta"">
                <span class=""result-price"">$25000</span>


                <span class=""result-hood""> (Middle Village)</span>

                <span class=""result-tags"">
                    pic
                    <span class=""maptag"" data-pid=""6358104432"">map</span>
                </span>

                <span class=""banish icon icon-trash"" role=""button"">
                    <span class=""screen-reader-text"">hide this posting</span>
                </span>

            <span class=""unbanish icon icon-trash red"" role=""button"" aria-hidden=""true""></span>
            <a href=""#"" class=""restore-link"">
                <span class=""restore-narrow-text"">restore</span>
                <span class=""restore-wide-text"">restore this posting</span>
            </a>

        </span>","1:00808_3CXjG0a35rW,1:00101_hIhzMCJNRuG,1:00U0U_3AHroBZ88xC,1:00404_crSBKDX60bu,1:01212_2tVTxHleuMQ,1:00g0g_fDdNVSMZBXG"
"LIKE NEW, STELLAR SPA/HOT TUB FOR 10 PERSONS, SOLD DUE TO RELOCATION",https://newyork.craigslist.org/stn/fuo/d/like-new-stellar-spa-hot-tub/6373319292.html,New York - Antiques,2017-11-06 12:29,"<span class=""result-meta"">
                <span class=""result-price"">$4500</span>


                <span class=""result-hood""> (STATEN ISLAND)</span>

                <span class=""result-tags"">
                    pic
                    <span class=""maptag"" data-pid=""6373319292"">map</span>
                </span>

                <span class=""banish icon icon-trash"" role=""button"">
                    <span class=""screen-reader-text"">hide this posting</span>
                </span>

            <span class=""unbanish icon icon-trash red"" role=""button"" aria-hidden=""true""></span>
            <a href=""#"" class=""restore-link"">
                <span class=""restore-narrow-text"">restore</span>
                <span class=""restore-wide-text"">restore this posting</span>
            </a>

        </span>",1:01212_2TaklROX9R4
"DWR SQUARE, EXTENDABLE TABLE AND THREE CHAIRS DINING ROOM SET",https://newyork.craigslist.org/stn/fuo/d/dwr-square-extendable-table/6341796714.html,New York - Antiques,2017-11-06 12:28,"<span class=""result-meta"">
                <span class=""result-price"">$650</span>


                <span class=""result-hood""> (Staten Island)</span>

                <span class=""result-tags"">
                    pic
                    <span class=""maptag"" data-pid=""6341796714"">map</span>
                </span>

                <span class=""banish icon icon-trash"" role=""button"">
                    <span class=""screen-reader-text"">hide this posting</span>
                </span>

            <span class=""unbanish icon icon-trash red"" role=""button"" aria-hidden=""true""></span>
            <a href=""#"" class=""restore-link"">
                <span class=""restore-narrow-text"">restore</span>
                <span class=""restore-wide-text"">restore this posting</span>
            </a>

        </span>","1:00A0A_aDtTcf5SOV6,1:00404_1jqzWAcMr0z,1:00i0i_6nYPvNYlioY,1:00F0F_1zqr46DpZBn,1:00404_3Cto5kNWBNT,1:00808_kjOGZzzN1pK,1:01212_dLfEXEZOxDq"
"ONE, TOP-GRAIN LEATHER ""CRESCENT WIRE"" CHAIR BY SOHO CONCEPT, LIKE NEW",https://newyork.craigslist.org/stn/fuo/d/one-top-grain-leather/6338936763.html,New York - Antiques,2017-11-06 12:28,"<span class=""result-meta"">
                <span class=""result-price"">$250</span>


                <span class=""result-hood""> (STATEN ISLAND)</span>

                <span class=""result-tags"">
                    pic
                    <span class=""maptag"" data-pid=""6338936763"">map</span>
                </span>

                <span class=""banish icon icon-trash"" role=""button"">
                    <span class=""screen-reader-text"">hide this posting</span>
                </span>

            <span class=""unbanish icon icon-trash red"" role=""button"" aria-hidden=""true""></span>
            <a href=""#"" class=""restore-link"">
                <span class=""restore-narrow-text"">restore</span>
                <span class=""restore-wide-text"">restore this posting</span>
            </a>

        </span>","1:00T0T_2lNG1YlNeEj,1:01616_essjMPR39UY,1:01414_eNxg7amjvHK,1:00M0M_8np0LNBGIdT"
Beautiful Crystal  Chandelier with 6 Lights!,https://newyork.craigslist.org/brk/fuo/d/beautiful-crystal-chandelier/6376056661.html,New York - Antiques,2017-11-06 12:28,"<span class=""result-meta"">
                <span class=""result-price"">$199</span>


                <span class=""result-hood""> (Brooklyn)</span>

                <span class=""result-tags"">
                    pic
                    <span class=""maptag"" data-pid=""6376056661"">map</span>
                </span>

                <span class=""banish icon icon-trash"" role=""button"">
                    <span class=""screen-reader-text"">hide this posting</span>
                </span>

            <span class=""unbanish icon icon-trash red"" role=""button"" aria-hidden=""true""></span>
            <a href=""#"" class=""restore-link"">
                <span class=""restore-narrow-text"">restore</span>
                <span class=""restore-wide-text"">restore this posting</span>
            </a>

        </span>",1:01212_7963UI1MUGC
"SET OF 6 CRATE AND BARREL TOP-GRAIN LEATHER CHAIRS, LIKE NEW",https://newyork.craigslist.org/stn/fuo/d/set-of-6-crate-and-barrel-top/6368155385.html,New York - Antiques,2017-11-06 12:28,"<span class=""result-meta"">
                <span class=""result-price"">$150</span>


                <span class=""result-hood""> (Staten Island)</span>

                <span class=""result-tags"">
                    pic
                    <span class=""maptag"" data-pid=""6368155385"">map</span>
                </span>

                <span class=""banish icon icon-trash"" role=""button"">
                    <span class=""screen-reader-text"">hide this posting</span>
                </span>

            <span class=""unbanish icon icon-trash red"" role=""button"" aria-hidden=""true""></span>
            <a href=""#"" class=""restore-link"">
                <span class=""restore-narrow-text"">restore</span>
                <span class=""restore-wide-text"">restore this posting</span>
            </a>

        </span>","1:00202_syqj0bzKYl,1:00n0n_3xWRqPbYhJ6,1:00C0C_gXzZ5oC9BWt,1:00D0D_kqajjN6jPbO,1:00b0b_2rcQPJLYXf3,1:00k0k_l3uCNOD4LAq,1:00H0H_eW0vtmMtqH8,1:00D0D_5h3KMKE60QO"
2 bar stools,https://newyork.craigslist.org/wch/fuo/d/2-bar-stools/6366557294.html,New York - Antiques,2017-11-06 12:28,"<span class=""result-meta"">
                <span class=""result-price"">$50</span>


                <span class=""result-hood""> (Chester, NY)</span>

                <span class=""result-tags"">
                    pic
                    <span class=""maptag"" data-pid=""6366557294"">map</span>
                </span>

                <span class=""banish icon icon-trash"" role=""button"">
                    <span class=""screen-reader-text"">hide this posting</span>
                </span>

            <span class=""unbanish icon icon-trash red"" role=""button"" aria-hidden=""true""></span>
            <a href=""#"" class=""restore-link"">
                <span class=""restore-narrow-text"">restore</span>
                <span class=""restore-wide-text"">restore this posting</span>
            </a>

        </span>","1:00R0R_g6Gc9HmmVQH,1:00F0F_cI3l51giykY,1:00P0P_7RbZqcNIgrZ,1:00c0c_kcm3lZTKjjL"
LARGE IKEA DESKS (x 5) Galant System,https://newyork.craigslist.org/brk/fuo/d/large-ikea-desks-5-galant/6376056190.html,New York - Antiques,2017-11-06 12:28,"<span class=""result-meta"">
                <span class=""result-price"">$50</span>


                <span class=""result-hood""> (Greenpoint, BK)</span>

                <span class=""result-tags"">
                    pic
                    <span class=""maptag"" data-pid=""6376056190"">map</span>
                </span>

                <span class=""banish icon icon-trash"" role=""button"">
                    <span class=""screen-reader-text"">hide this posting</span>
                </span>

            <span class=""unbanish icon icon-trash red"" role=""button"" aria-hidden=""true""></span>
            <a href=""#"" class=""restore-link"">
                <span class=""restore-narrow-text"">restore</span>
                <span class=""restore-wide-text"">restore this posting</span>
            </a>

        </span>","1:00z0z_fIiMgyVQh6G,1:01515_70ksr68Bejy,1:00N0N_6hRW0ymcdhs"
"STAINLESS STEEL, GENERAL ELECTRIC REFRIGERATOR",https://newyork.craigslist.org/stn/fuo/d/stainless-steel-general/6368107840.html,New York - Antiques,2017-11-06 12:28,"<span class=""result-meta"">
                <span class=""result-price"">$250</span>


                <span class=""result-hood""> (STATEN ISLAND)</span>

                <span class=""result-tags"">
                    pic
                    <span class=""maptag"" data-pid=""6368107840"">map</span>
                </span>

                <span class=""banish icon icon-trash"" role=""button"">
                    <span class=""screen-reader-text"">hide this posting</span>
                </span>

            <span class=""unbanish icon icon-trash red"" role=""button"" aria-hidden=""true""></span>
            <a href=""#"" class=""restore-link"">
                <span class=""restore-narrow-text"">restore</span>
                <span class=""restore-wide-text"">restore this posting</span>
            </a>

        </span>","1:01616_g7MYrh8ekpl,1:00N0N_jk1VwF6JWF8,1:00V0V_7oOGXeiygcP"
Antique Wash Stand with Marble Top,https://newyork.craigslist.org/brk/fuo/d/antique-wash-stand-with/6367205083.html,New York - Antiques,2017-11-06 12:28,"<span class=""result-meta"">
                <span class=""result-price"">$169</span>


                <span class=""result-hood""> (Crown Heights)</span>

                <span class=""result-tags"">
                    pic
                    <span class=""maptag"" data-pid=""6367205083"">map</span>
                </span>

                <span class=""banish icon icon-trash"" role=""button"">
                    <span class=""screen-reader-text"">hide this posting</span>
                </span>

            <span class=""unbanish icon icon-trash red"" role=""button"" aria-hidden=""true""></span>
            <a href=""#"" class=""restore-link"">
                <span class=""restore-narrow-text"">restore</span>
                <span class=""restore-wide-text"">restore this posting</span>
            </a>

        </span>","1:00I0I_ejjdBjKkdCD,1:00R0R_i2mxXiZHsYP,1:00W0W_c7lWT1EWFVA,1:00y0y_ktmfULjwFXR,1:00w0w_1qfdTAsbT8j,1:00l0l_6J6riMXUEjp,1:00E0E_1QVUcUBFYXD,1:00N0N_lPOxC0lwyk6"
"TRANE AIR CONDITIONER UNIT, MODEL XL14i, ALMOST NEW",https://newyork.craigslist.org/stn/fuo/d/trane-air-conditioner-unit/6369437620.html,New York - Antiques,2017-11-06 12:27,"<span class=""result-meta"">
                <span class=""result-price"">$500</span>


                <span class=""result-hood""> (STATEN ISLAND)</span>

                <span class=""result-tags"">
                    pic
                    <span class=""maptag"" data-pid=""6369437620"">map</span>
                </span>

                <span class=""banish icon icon-trash"" role=""button"">
                    <span class=""screen-reader-text"">hide this posting</span>
                </span>

            <span class=""unbanish icon icon-trash red"" role=""button"" aria-hidden=""true""></span>
            <a href=""#"" class=""restore-link"">
                <span class=""restore-narrow-text"">restore</span>
                <span class=""restore-wide-text"">restore this posting</span>
            </a>

        </span>",1:00y0y_gLjl0aUQHHI
used office furniture new and used furniture,https://newyork.craigslist.org/fct/atd/d/used-office-furniture-new-and/6376009003.html,New york - Furniture,2017-11-06 12:27,"<span class=""result-meta"">


                <span class=""result-hood""> (office furniture)</span>

                <span class=""result-tags"">
                    pic
                    <span class=""maptag"" data-pid=""6376009003"">map</span>
                </span>

                <span class=""banish icon icon-trash"" role=""button"">
                    <span class=""screen-reader-text"">hide this posting</span>
                </span>

            <span class=""unbanish icon icon-trash red"" role=""button"" aria-hidden=""true""></span>
            <a href=""#"" class=""restore-link"">
                <span class=""restore-narrow-text"">restore</span>
                <span class=""restore-wide-text"">restore this posting</span>
            </a>

        </span>","1:00606_dktzcPlR42O,1:01515_2w08EBUs2vR,1:00101_fKkb88hk8NK,1:00202_i4VV8cie0zC,1:00Q0Q_gXkfpbY1KSK"
New in box 1940s sherbert set,https://newyork.craigslist.org/wch/atq/d/new-in-box-1940s-sherbert-set/6376054273.html,New york - Furniture,2017-11-06 12:27,"<span class=""result-meta"">
                <span class=""result-price"">$30</span>


                <span class=""result-hood""> (Rye)</span>

                <span class=""result-tags"">
                    pic
                    <span class=""maptag"" data-pid=""6376054273"">map</span>
                </span>

                <span class=""banish icon icon-trash"" role=""button"">
                    <span class=""screen-reader-text"">hide this posting</span>
                </span>

            <span class=""unbanish icon icon-trash red"" role=""button"" aria-hidden=""true""></span>
            <a href=""#"" class=""restore-link"">
                <span class=""restore-narrow-text"">restore</span>
                <span class=""restore-wide-text"">restore this posting</span>
            </a>

        </span>","1:00t0t_hefLxJGDCf7,1:00r0r_24jTV2yyQI5,1:01212_9TxzIPP7ZnM,1:00g0g_2Pd1QXOsk4L"
Raine Food down Secretary Desk,https://newyork.craigslist.org/mnh/atq/d/raine-food-down-secretary-desk/6376049609.html,New york - Furniture,2017-11-06 12:24,"<span class=""result-meta"">
                <span class=""result-price"">$175</span>


                <span class=""result-hood""> (Harlem / Morningside)</span>

                <span class=""result-tags"">
                    pic
                    <span class=""maptag"" data-pid=""6376049609"">map</span>
                </span>

                <span class=""banish icon icon-trash"" role=""button"">
                    <span class=""screen-reader-text"">hide this posting</span>
                </span>

            <span class=""unbanish icon icon-trash red"" role=""button"" aria-hidden=""true""></span>
            <a href=""#"" class=""restore-link"">
                <span class=""restore-narrow-text"">restore</span>
                <span class=""restore-wide-text"">restore this posting</span>
            </a>

        </span>","1:00R0R_jaDpeuaEdVm,1:00z0z_5tEStEUd74I,1:00909_6aL8V5zYaze,1:00S0S_fZtWkS63OrU,1:00a0a_4e9Ovm9FkVb,1:00r0r_izmY9wONN9C,1:00i0i_d3PDuP8gHm8"
Tv cabinet,https://newyork.craigslist.org/que/atq/d/tv-cabinet/6376048574.html,New york - Furniture,2017-11-06 12:23,"<span class=""result-meta"">
                <span class=""result-price"">$300</span>


                <span class=""result-hood""> (Queens)</span>

                <span class=""result-tags"">
                    pic
                    <span class=""maptag"" data-pid=""6376048574"">map</span>
                </span>

                <span class=""banish icon icon-trash"" role=""button"">
                    <span class=""screen-reader-text"">hide this posting</span>
                </span>

            <span class=""unbanish icon icon-trash red"" role=""button"" aria-hidden=""true""></span>
            <a href=""#"" class=""restore-link"">
                <span class=""restore-narrow-text"">restore</span>
                <span class=""restore-wide-text"">restore this posting</span>
            </a>

        </span>","1:00505_fn6CAK58HG7,1:00B0B_92u9HS1ln3G"
ANTIQUE BABY SCALE 1930'S BEAM-TYPE UP TO 30LBS,https://newyork.craigslist.org/lgi/atq/d/antique-baby-scale-1930s-beam/6358194257.html,New york - Furniture,2017-11-06 12:23,"<span class=""result-meta"">
                <span class=""result-price"">$49</span>


                <span class=""result-hood""> (MASSAPEQUA)</span>

                <span class=""result-tags"">
                    pic
                    <span class=""maptag"" data-pid=""6358194257"">map</span>
                </span>

                <span class=""banish icon icon-trash"" role=""button"">
                    <span class=""screen-reader-text"">hide this posting</span>
                </span>

            <span class=""unbanish icon icon-trash red"" role=""button"" aria-hidden=""true""></span>
            <a href=""#"" class=""restore-link"">
                <span class=""restore-narrow-text"">restore</span>
                <span class=""restore-wide-text"">restore this posting</span>
            </a>

        </span>","1:00r0r_dcfl23rapCe,1:00B0B_2jPWb4KniCg,1:00101_lEVrNEA4h4N"
Used Office furniture .office cubicles. File Cabinets Lateral Files Home Office,https://newyork.craigslist.org/stn/atd/d/used-office-furniture-office/6347160029.html,New york - Furniture,2017-11-06 12:21,"<span class=""result-meta"">


                <span class=""result-hood""> (office furniture cubicles)</span>

                <span class=""result-tags"">
                    pic
                    <span class=""maptag"" data-pid=""6347160029"">map</span>
                </span>

                <span class=""banish icon icon-trash"" role=""button"">
                    <span class=""screen-reader-text"">hide this posting</span>
                </span>

            <span class=""unbanish icon icon-trash red"" role=""button"" aria-hidden=""true""></span>
            <a href=""#"" class=""restore-link"">
                <span class=""restore-narrow-text"">restore</span>
                <span class=""restore-wide-text"">restore this posting</span>
            </a>

        </span>","1:01212_8hR2gu2oarK,1:00E0E_jJt8rPLgfqz,1:00202_8D1ToYuLfms,1:01212_c3CwFq9sIm3,1:00X0X_1fl8Ls9fmJl,1:01010_aXl3Ti8TPT,1:00f0f_5EKv1ehr9qk,1:00o0o_lTA0kP1UsyN"
Vintage Pet Carriers,https://newyork.craigslist.org/mnh/atq/d/vintage-pet-carriers/6360500093.html,New york - Furniture,2017-11-06 12:18,"<span class=""result-meta"">
                <span class=""result-price"">$20</span>


                <span class=""result-hood""> (West Village)</span>

                <span class=""result-tags"">
                    pic
                    <span class=""maptag"" data-pid=""6360500093"">map</span>
                </span>

                <span class=""banish icon icon-trash"" role=""button"">
                    <span class=""screen-reader-text"">hide this posting</span>
                </span>

            <span class=""unbanish icon icon-trash red"" role=""button"" aria-hidden=""true""></span>
            <a href=""#"" class=""restore-link"">
                <span class=""restore-narrow-text"">restore</span>
                <span class=""restore-wide-text"">restore this posting</span>
            </a>

        </span>","1:01717_35RjdCLkZoC,1:00T0T_lLVuOQDauom,1:00909_7GG7YGMfEqu"
Antique Solid Brass Fireplace Screen,https://newyork.craigslist.org/brk/atq/d/antique-solid-brass-fireplace/6354992114.html,New york - Furniture,2017-11-06 12:18,"<span class=""result-meta"">
                <span class=""result-price"">$50</span>


                <span class=""result-hood""> (Gowanus)</span>

                <span class=""result-tags"">
                    pic
                    <span class=""maptag"" data-pid=""6354992114"">map</span>
                </span>

                <span class=""banish icon icon-trash"" role=""button"">
                    <span class=""screen-reader-text"">hide this posting</span>
                </span>

            <span class=""unbanish icon icon-trash red"" role=""button"" aria-hidden=""true""></span>
            <a href=""#"" class=""restore-link"">
                <span class=""restore-narrow-text"">restore</span>
                <span class=""restore-wide-text"">restore this posting</span>
            </a>

        </span>",1:00F0F_3ZhbaWaFZ4R
Vintage Golf Clubs,https://newyork.craigslist.org/mnh/atq/d/vintage-golf-clubs/6348339927.html,New york - Furniture,2017-11-06 12:18,"<span class=""result-meta"">
                <span class=""result-price"">$20</span>


                <span class=""result-hood""> (West Village)</span>

                <span class=""result-tags"">
                    pic
                    <span class=""maptag"" data-pid=""6348339927"">map</span>
                </span>

                <span class=""banish icon icon-trash"" role=""button"">
                    <span class=""screen-reader-text"">hide this posting</span>
                </span>

            <span class=""unbanish icon icon-trash red"" role=""button"" aria-hidden=""true""></span>
            <a href=""#"" class=""restore-link"">
                <span class=""restore-narrow-text"">restore</span>
                <span class=""restore-wide-text"">restore this posting</span>
            </a>

        </span>","1:00o0o_aEuk4fzjQvt,1:01313_cl4WKAlW4wU,1:00Q0Q_6WipNlojbjk"
WWII Army Helmet,https://newyork.craigslist.org/mnh/atq/d/wwii-army-helmet/6348340955.html,New york - Furniture,2017-11-06 12:18,"<span class=""result-meta"">
                <span class=""result-price"">$20</span>


                <span class=""result-hood""> (West Village)</span>

                <span class=""result-tags"">
                    pic
                    <span class=""maptag"" data-pid=""6348340955"">map</span>
                </span>

                <span class=""banish icon icon-trash"" role=""button"">
                    <span class=""screen-reader-text"">hide this posting</span>
                </span>

            <span class=""unbanish icon icon-trash red"" role=""button"" aria-hidden=""true""></span>
            <a href=""#"" class=""restore-link"">
                <span class=""restore-narrow-text"">restore</span>
                <span class=""restore-wide-text"">restore this posting</span>
            </a>

        </span>","1:00f0f_bDyhraPISxl,1:00F0F_3NYy4VfvgYv"
Vintage Staple Guns,https://newyork.craigslist.org/mnh/atq/d/vintage-staple-guns/6348341422.html,New york - Furniture,2017-11-06 12:18,"<span class=""result-meta"">
                <span class=""result-price"">$20</span>


                <span class=""result-hood""> (West Village)</span>

                <span class=""result-tags"">
                    pic
                    <span class=""maptag"" data-pid=""6348341422"">map</span>
                </span>

                <span class=""banish icon icon-trash"" role=""button"">
                    <span class=""screen-reader-text"">hide this posting</span>
                </span>

            <span class=""unbanish icon icon-trash red"" role=""button"" aria-hidden=""true""></span>
            <a href=""#"" class=""restore-link"">
                <span class=""restore-narrow-text"">restore</span>
                <span class=""restore-wide-text"">restore this posting</span>
            </a>

        </span>",1:00m0m_i6Tg6Rkd1sz
Night Table With Storage Compartment,https://newyork.craigslist.org/mnh/atq/d/night-table-with-storage/6348341838.html,New york - Furniture,2017-11-06 12:18,"<span class=""result-meta"">
                <span class=""result-price"">$20</span>


                <span class=""result-hood""> (West Village)</span>

                <span class=""result-tags"">
                    pic
                    <span class=""maptag"" data-pid=""6348341838"">map</span>
                </span>

                <span class=""banish icon icon-trash"" role=""button"">
                    <span class=""screen-reader-text"">hide this posting</span>
                </span>

            <span class=""unbanish icon icon-trash red"" role=""button"" aria-hidden=""true""></span>
            <a href=""#"" class=""restore-link"">
                <span class=""restore-narrow-text"">restore</span>
                <span class=""restore-wide-text"">restore this posting</span>
            </a>

        </span>","1:00E0E_6tmDR0Hrae9,1:00808_8nKIYpwsI4r"
Vintage Thermometers,https://newyork.craigslist.org/mnh/atq/d/vintage-thermometers/6348342484.html,New york - Furniture,2017-11-06 12:18,"<span class=""result-meta"">
                <span class=""result-price"">$20</span>


                <span class=""result-hood""> (West Village)</span>

                <span class=""result-tags"">
                    pic
                    <span class=""maptag"" data-pid=""6348342484"">map</span>
                </span>

                <span class=""banish icon icon-trash"" role=""button"">
                    <span class=""screen-reader-text"">hide this posting</span>
                </span>

            <span class=""unbanish icon icon-trash red"" role=""button"" aria-hidden=""true""></span>
            <a href=""#"" class=""restore-link"">
                <span class=""restore-narrow-text"">restore</span>
                <span class=""restore-wide-text"">restore this posting</span>
            </a>

        </span>","1:00C0C_ismugiOXQIv,1:00707_3CbQAbKOmqM,1:00a0a_7tTSoqi9ezp"
Vintage Picnic Basket,https://newyork.craigslist.org/mnh/atq/d/vintage-picnic-basket/6343311361.html,New york - Furniture,2017-11-06 12:17,"<span class=""result-meta"">
                <span class=""result-price"">$20</span>


                <span class=""result-hood""> (West Village)</span>

                <span class=""result-tags"">
                    pic
                    <span class=""maptag"" data-pid=""6343311361"">map</span>
                </span>

                <span class=""banish icon icon-trash"" role=""button"">
                    <span class=""screen-reader-text"">hide this posting</span>
                </span>

            <span class=""unbanish icon icon-trash red"" role=""button"" aria-hidden=""true""></span>
            <a href=""#"" class=""restore-link"">
                <span class=""restore-narrow-text"">restore</span>
                <span class=""restore-wide-text"">restore this posting</span>
            </a>

        </span>","1:00Z0Z_1ygb6hfBWKE,1:01717_3gCQrxr87hV"
Vintage Pet Carriers,https://newyork.craigslist.org/mnh/atq/d/vintage-pet-carriers/6343310942.html,New york - Furniture,2017-11-06 12:17,"<span class=""result-meta"">
                <span class=""result-price"">$20</span>


                <span class=""result-hood""> (West Village)</span>

                <span class=""result-tags"">
                    pic
                    <span class=""maptag"" data-pid=""6343310942"">map</span>
                </span>

                <span class=""banish icon icon-trash"" role=""button"">
                    <span class=""screen-reader-text"">hide this posting</span>
                </span>

            <span class=""unbanish icon icon-trash red"" role=""button"" aria-hidden=""true""></span>
            <a href=""#"" class=""restore-link"">
                <span class=""restore-narrow-text"">restore</span>
                <span class=""restore-wide-text"">restore this posting</span>
            </a>

        </span>","1:01717_35RjdCLkZoC,1:00T0T_lLVuOQDauom,1:00909_7GG7YGMfEqu"
ESTATE sale OLD CHINA/Wong LEE  1895y PORCALAINE WITH BRONSE VASE,https://newyork.craigslist.org/brk/atq/d/estate-sale-old-china-wong/6340642009.html,New york - Furniture,2017-11-06 12:17,"<span class=""result-meta"">
                <span class=""result-price"">$800</span>


                <span class=""result-hood""> (BROOKLYN)</span>

                <span class=""result-tags"">
                    pic
                    <span class=""maptag"" data-pid=""6340642009"">map</span>
                </span>

                <span class=""banish icon icon-trash"" role=""button"">
                    <span class=""screen-reader-text"">hide this posting</span>
                </span>

            <span class=""unbanish icon icon-trash red"" role=""button"" aria-hidden=""true""></span>
            <a href=""#"" class=""restore-link"">
                <span class=""restore-narrow-text"">restore</span>
                <span class=""restore-wide-text"">restore this posting</span>
            </a>

        </span>","1:00c0c_9izEEUMoPiE,1:00p0p_fi3bn6ZcQZg,1:01414_67kz6j2Rmgp,1:00G0G_2x9bnBLYzFu,1:00202_go8aMX1V3w,1:01414_ETxzVNxka4,1:00z0z_hY6S1YMLFQA,1:00z0z_jXaN3hnt0i7,1:00l0l_l8VXKqV1z5b,1:00Q0Q_d9aEIjVH9UO,1:00X0X_7VusIOVcLA1,1:00j0j_6f0yKCMMAvL"
Chafing Dish,https://newyork.craigslist.org/lgi/atq/d/chafing-dish/6376036690.html,New york - Furniture,2017-11-06 12:17,"<span class=""result-meta"">
                <span class=""result-price"">$15</span>


                <span class=""result-hood""> (Farmingdale or Calverton)</span>

                <span class=""result-tags"">
                    pic
                    <span class=""maptag"" data-pid=""6376036690"">map</span>
                </span>

                <span class=""banish icon icon-trash"" role=""button"">
                    <span class=""screen-reader-text"">hide this posting</span>
                </span>

            <span class=""unbanish icon icon-trash red"" role=""button"" aria-hidden=""true""></span>
            <a href=""#"" class=""restore-link"">
                <span class=""restore-narrow-text"">restore</span>
                <span class=""restore-wide-text"">restore this posting</span>
            </a>

        </span>","1:00d0d_jWcx6dfrdgb,1:00E0E_b7ir3bY6Hz8"
"office furniture L Shape Desks, Double Pedestal Desks, U Shape Desks",https://newyork.craigslist.org/lgi/atd/d/office-furniture-shape-desks/6375980508.html,New york - Furniture,2017-11-06 12:14,"<span class=""result-meta"">


                <span class=""result-hood""> (used office furniture)</span>

                <span class=""result-tags"">
                    pic
                    <span class=""maptag"" data-pid=""6375980508"">map</span>
                </span>

                <span class=""banish icon icon-trash"" role=""button"">
                    <span class=""screen-reader-text"">hide this posting</span>
                </span>

            <span class=""unbanish icon icon-trash red"" role=""button"" aria-hidden=""true""></span>
            <a href=""#"" class=""restore-link"">
                <span class=""restore-narrow-text"">restore</span>
                <span class=""restore-wide-text"">restore this posting</span>
            </a>

        </span>","1:00G0G_g7A8j3eqtyh,1:01111_kLG1582eKxu,1:00b0b_7pSVyqEYKrU,1:01111_9CxXZqFSopn,1:00u0u_2W1ctb0TGAr,1:00O0O_jZDAITGhr4o"
REDUCED**1930 3 TIER MAHOGANY TABLE**,https://newyork.craigslist.org/que/atq/d/reducedtier-mahogany-table/6376030532.html,New york - Furniture,2017-11-06 12:13,"<span class=""result-meta"">
                <span class=""result-price"">$125</span>


                <span class=""result-hood""> (LYNBROOK,NY)</span>

                <span class=""result-tags"">
                    pic
                    <span class=""maptag"" data-pid=""6376030532"">map</span>
                </span>

                <span class=""banish icon icon-trash"" role=""button"">
                    <span class=""screen-reader-text"">hide this posting</span>
                </span>

            <span class=""unbanish icon icon-trash red"" role=""button"" aria-hidden=""true""></span>
            <a href=""#"" class=""restore-link"">
                <span class=""restore-narrow-text"">restore</span>
                <span class=""restore-wide-text"">restore this posting</span>
            </a>

        </span>","1:01515_1tB1DxGKub4,1:00y0y_lM9KAarnHFj,1:00909_lX2pYhkpcLg"
*REDUCED**UNIQUE VINTAGE 3 TIER TABLE,https://newyork.craigslist.org/lgi/atq/d/reducedunique-vintage-3-tier/6376030175.html,New york - Furniture,2017-11-06 12:13,"<span class=""result-meta"">
                <span class=""result-price"">$125</span>


                <span class=""result-hood""> (LYNBROOK,NY)</span>

                <span class=""result-tags"">
                    pic
                    <span class=""maptag"" data-pid=""6376030175"">map</span>
                </span>

                <span class=""banish icon icon-trash"" role=""button"">
                    <span class=""screen-reader-text"">hide this posting</span>
                </span>

            <span class=""unbanish icon icon-trash red"" role=""button"" aria-hidden=""true""></span>
            <a href=""#"" class=""restore-link"">
                <span class=""restore-narrow-text"">restore</span>
                <span class=""restore-wide-text"">restore this posting</span>
            </a>

        </span>","1:01515_1tB1DxGKub4,1:00909_lX2pYhkpcLg,1:00y0y_lM9KAarnHFj"
moving sale,https://newyork.craigslist.org/mnh/atq/d/moving-sale/6359136900.html,New york - Furniture,2017-11-06 12:12,"<span class=""result-meta"">


                <span class=""result-hood""> (Gramercy)</span>

                <span class=""result-tags"">
                    pic
                    <span class=""maptag"" data-pid=""6359136900"">map</span>
                </span>

                <span class=""banish icon icon-trash"" role=""button"">
                    <span class=""screen-reader-text"">hide this posting</span>
                </span>

            <span class=""unbanish icon icon-trash red"" role=""button"" aria-hidden=""true""></span>
            <a href=""#"" class=""restore-link"">
                <span class=""restore-narrow-text"">restore</span>
                <span class=""restore-wide-text"">restore this posting</span>
            </a>

        </span>","1:01414_fW54qWC2FPl,1:00o0o_ckj1ff8VSAq,1:00o0o_ckj1ff8VSAq,1:00i0i_bSewg32KLL,1:00G0G_7PjBkGfZQ3p,1:00C0C_bPrS5OgmDAC,1:00j0j_4ISU34LmcHq,1:00606_fjo0lWAMrzr,1:00G0G_fo1Fd3CJQxV,1:00a0a_grfDChoWqGK,1:00F0F_2wMrL5lE11R,1:00f0f_kNsDhQ58BBc,1:00D0D_7SY7Pl1mchG,1:00303_8wo445l56DQ,1:00i0i_bSewg32KLL,1:00C0C_bPrS5OgmDAC,1:00G0G_fo1Fd3CJQxV,1:00a0a_grfDChoWqGK,1:00606_fjo0lWAMrzr,1:00F0F_2wMrL5lE11R"
moving sale,https://newyork.craigslist.org/mnh/atq/d/moving-sale/6355358065.html,New york - Furniture,2017-11-06 12:11,"<span class=""result-meta"">


                <span class=""result-hood""> (Gramercy)</span>

                <span class=""result-tags"">
                    pic
                    <span class=""maptag"" data-pid=""6355358065"">map</span>
                </span>

                <span class=""banish icon icon-trash"" role=""button"">
                    <span class=""screen-reader-text"">hide this posting</span>
                </span>

            <span class=""unbanish icon icon-trash red"" role=""button"" aria-hidden=""true""></span>
            <a href=""#"" class=""restore-link"">
                <span class=""restore-narrow-text"">restore</span>
                <span class=""restore-wide-text"">restore this posting</span>
            </a>

        </span>","1:01414_fW54qWC2FPl,1:00o0o_ckj1ff8VSAq,1:00o0o_ckj1ff8VSAq,1:00i0i_bSewg32KLL,1:00G0G_7PjBkGfZQ3p,1:00C0C_bPrS5OgmDAC,1:00j0j_4ISU34LmcHq,1:00606_fjo0lWAMrzr,1:00G0G_fo1Fd3CJQxV,1:00a0a_grfDChoWqGK,1:00F0F_2wMrL5lE11R,1:00f0f_kNsDhQ58BBc,1:00D0D_7SY7Pl1mchG,1:00303_8wo445l56DQ,1:00i0i_bSewg32KLL,1:00C0C_bPrS5OgmDAC,1:00G0G_fo1Fd3CJQxV,1:00a0a_grfDChoWqGK,1:00606_fjo0lWAMrzr,1:00F0F_2wMrL5lE11R"
antique secretary  vintage mid century shadow box  mirror,https://newyork.craigslist.org/mnh/atq/d/antique-secretary-vintage-mid/6349580909.html,New york - Furniture,2017-11-06 12:11,"<span class=""result-meta"">


                <span class=""result-hood""> (Gramercy)</span>

                <span class=""result-tags"">
                    pic
                    <span class=""maptag"" data-pid=""6349580909"">map</span>
                </span>

                <span class=""banish icon icon-trash"" role=""button"">
                    <span class=""screen-reader-text"">hide this posting</span>
                </span>

            <span class=""unbanish icon icon-trash red"" role=""button"" aria-hidden=""true""></span>
            <a href=""#"" class=""restore-link"">
                <span class=""restore-narrow-text"">restore</span>
                <span class=""restore-wide-text"">restore this posting</span>
            </a>

        </span>","1:00x0x_ksNAr6Rd1RH,1:00Y0Y_hyodkVvkBKx,1:00m0m_imk0iDW2y4y,1:00808_2qGXNobz2qr"
moving sale,https://newyork.craigslist.org/mnh/atq/d/moving-sale/6356007995.html,New york - Furniture,2017-11-06 12:11,"<span class=""result-meta"">


                <span class=""result-hood""> (Gramercy)</span>

                <span class=""result-tags"">
                    pic
                    <span class=""maptag"" data-pid=""6356007995"">map</span>
                </span>

                <span class=""banish icon icon-trash"" role=""button"">
                    <span class=""screen-reader-text"">hide this posting</span>
                </span>

            <span class=""unbanish icon icon-trash red"" role=""button"" aria-hidden=""true""></span>
            <a href=""#"" class=""restore-link"">
                <span class=""restore-narrow-text"">restore</span>
                <span class=""restore-wide-text"">restore this posting</span>
            </a>

        </span>","1:01414_fW54qWC2FPl,1:00o0o_ckj1ff8VSAq,1:00o0o_ckj1ff8VSAq,1:00i0i_bSewg32KLL,1:00G0G_7PjBkGfZQ3p,1:00C0C_bPrS5OgmDAC,1:00j0j_4ISU34LmcHq,1:00606_fjo0lWAMrzr,1:00G0G_fo1Fd3CJQxV,1:00a0a_grfDChoWqGK,1:00F0F_2wMrL5lE11R,1:00f0f_kNsDhQ58BBc,1:00D0D_7SY7Pl1mchG,1:00303_8wo445l56DQ,1:00i0i_bSewg32KLL,1:00C0C_bPrS5OgmDAC,1:00G0G_fo1Fd3CJQxV,1:00a0a_grfDChoWqGK,1:00606_fjo0lWAMrzr,1:00F0F_2wMrL5lE11R"
Vintage Wood CRATES,https://newyork.craigslist.org/mnh/atd/d/vintage-wood-crates/6343156770.html,New york - Furniture,2017-11-06 12:09,"<span class=""result-meta"">
                <span class=""result-price"">$17</span>


                <span class=""result-hood""> (Upper East Side)</span>

                <span class=""result-tags"">
                    pic
                    <span class=""maptag"" data-pid=""6343156770"">map</span>
                </span>

                <span class=""banish icon icon-trash"" role=""button"">
                    <span class=""screen-reader-text"">hide this posting</span>
                </span>

            <span class=""unbanish icon icon-trash red"" role=""button"" aria-hidden=""true""></span>
            <a href=""#"" class=""restore-link"">
                <span class=""restore-narrow-text"">restore</span>
                <span class=""restore-wide-text"">restore this posting</span>
            </a>

        </span>","1:00v0v_1Y1d6ftXOEs,1:00X0X_f4UAmceQT21,1:00o0o_fOV8W2Epn9n,1:00808_7OvUeA6RVpp,1:01010_4rLGM4h9DvE,1:00j0j_3zUVd2D0BFv,1:00404_5vSuT1E06jH,1:00J0J_jZb2FLRMbCe,1:01414_aKQ2Ne1rCBx,1:00f0f_7ZhCI44NLCh,1:01313_ltGIg6gTa5y,1:01010_15zjIpzo7wb,1:00O0O_hH9LijMZ6Cv,1:00U0U_9V8XvBfhjBJ,1:00t0t_k1ok9N9Bu6r,1:00909_46fOrgOJoBJ,1:00b0b_curf0kQn7nG,1:00n0n_6vP0ECsZFhm,1:00a0a_gqkFVjOeH67,1:01616_hyNye4ToSTC,1:00G0G_atPfS2kftRC,1:00U0U_9FVC6kHyqMx,1:00i0i_7cWFXKy1ugm,1:00Y0Y_28VXRJ0wg7t"
Vintage Industrial Chic Design,https://newyork.craigslist.org/mnh/atd/d/vintage-industrial-chic-design/6341849957.html,New york - Furniture,2017-11-06 12:09,"<span class=""result-meta"">
                <span class=""result-price"">$345</span>


                <span class=""result-hood""> (Upper East Side)</span>

                <span class=""result-tags"">
                    pic
                    <span class=""maptag"" data-pid=""6341849957"">map</span>
                </span>

                <span class=""banish icon icon-trash"" role=""button"">
                    <span class=""screen-reader-text"">hide this posting</span>
                </span>

            <span class=""unbanish icon icon-trash red"" role=""button"" aria-hidden=""true""></span>
            <a href=""#"" class=""restore-link"">
                <span class=""restore-narrow-text"">restore</span>
                <span class=""restore-wide-text"">restore this posting</span>
            </a>

        </span>","1:00g0g_851ZfADWMeD,1:00606_3vKpeXHsto0,1:00F0F_2VddLrfftAj,1:01414_dqqOxLtsjtR,1:00p0p_g2Kw33bafNr,1:00j0j_a2szeRKYwMA,1:00K0K_8Vg6GEIgvUp,1:00v0v_IvJRr32Q9l,1:00e0e_8ryGadzY4gI,1:00202_eNJYyROfRXJ,1:00w0w_f2yqpweikXF,1:00a0a_9XTLf6puIbp,1:00000_aWLS8nba4SC,1:00Y0Y_4k16DGWoDya,1:00X0X_6Sjln6NscL2,1:00T0T_gKyKZPfq7ue,1:01313_ewvPkxlPo8B,1:00O0O_kQmBjykVXH6,1:01616_dlnk6fQkJyN,1:00v0v_2XbHHI122oA,1:01010_3KxQn5RCtZd,1:00000_aqVj4PImlKO,1:00i0i_knlyk0jasTx,1:00P0P_kVOZyRtPSf1"
